sekolah,prodi,kelamin,jalur,status,kelurahan,kecamatan,kabupaten
sman 7 cirebon,kesehatan masyarakat,perempuan,kip,keluar,dawuan,tengah tani,kab. cirebon
sman 1 sindang,kesehatan masyarakat,perempuan,kip,lanjut,karangmalang,indramayu,kab. indramayu
man 3 cirebon,kesehatan masyarakat,perempuan,kip,lanjut,ambulu,losari,kab. cirebon
sman 6 cirebon,kesehatan masyarakat,perempuan,umum,keluar,drajat,kesambi,kota cirebon
smk asyifa depok,kesehatan masyarakat,perempuan,umum,keluar,pamijahan,plumbon,kab. cirebon
man 2 cirebon,kesehatan masyarakat,perempuan,umum,keluar,galagamba,ciwaringin,kab. cirebon
smk pesantren ciwaringin,kesehatan masyarakat,perempuan,umum,keluar,ciwaringin,ciwaringin,kab. cirebon
smkf muhammadiyah,kesehatan masyarakat,perempuan,kip,lanjut,kejaksan,kejaksan,kota cirebon
sma islam qurani al bahja,kesehatan masyarakat,perempuan,umum,lanjut,melakasari,gebang,kab. cirebon
man 3 cirebon,kesehatan masyarakat,perempuan,umum,keluar,tanjung duren utara,grogol petamburan,ka. jakarta barat
sman 1 talaga,kesehatan masyarakat,perempuan,rekomendasi,lanjut,mekarraharja,talaga,kab. majalengka
sman 1 leuwimunding,kesehatan masyarakat,perempuan,umum,keluar,gintung kidul,ciwaringin,kab. cirebon
ma pembangunan kuningan,kesehatan masyarakat,perempuan,organisasi,lanjut,karangmuncang,cigandamekar,kab. kuningan
ma ashshiddiqy munawar,kesehatan masyarakat,perempuan,kip,lanjut,sindangjawa,dukupuntang,kab. cirebon
smk farmasi muhammadiyah cirebon,kesehatan masyarakat,perempuan,kip,lanjut,karangwareng,karangwareng,kab. cirebon
man 1 kota cirebon,kesehatan masyarakat,perempuan,rekomendasi,keluar,larangan,harjamukti,kota cirebon
sman 1 bulakamba,kesehatan masyarakat,laki-laki,organisasi,keluar,grinting,bulakamba,kab. brebes
sman 1 bulakamba,kesehatan masyarakat,perempuan,kip,keluar,bangsri,bulakamba,kab. brebes
sman 1 lemahabang,kesehatan masyarakat,perempuan,kip,lanjut,sigong,lemahabang,kab. cirebon
smk al-banna,kesehatan masyarakat,perempuan,kip,lanjut,tukmudal,sumber,kab. cirebon
smas pgri 3,kesehatan masyarakat,perempuan,kip,lanjut,pegambiran,lemahwungkuk,kota cirebon
smk pembangunan nasional bekasi,informatika,laki-laki,rekomendasi,keluar,jatiluhur,jatiasih,kota bekasi
smkn 1 leuwimunding,informatika,laki-laki,rekomendasi,keluar,galagamba,ciwaringin,kab. cirebon
sman 3 cirebon,informatika,laki-laki,rekomendasi,lanjut,kecapi,harjamukti,kota cirebon
sman 9 cirebon,informatika,laki-laki,rekomendasi,lanjut,kecapi,harjamukti,kota cirebon
smkn 2 cirebon,informatika,perempuan,rekomendasi,keluar,kejaksan,kejaksan,kota cirebon
smk budi tresna,informatika,perempuan,rekomendasi,keluar,kejaksan,kejaksan,kota cirebon
ma tihamah putra,informatika,laki-laki,rekomendasi,keluar,kejaksan,kejaksan,kota cirebon
sman 8 cirebon,informatika,laki-laki,rekomendasi,keluar,panjunan,lemahwungkuk,kota cirebon
smkn 1 cirebon,informatika,laki-laki,rekomendasi,lanjut,kecapi,harjamukti,kota cirebon
perguruan islam mathaliul falah,informatika,perempuan,rekomendasi,keluar,sukapura,kejaksan,kota cirebon
ma al islah bobos,informatika,laki-laki,rekomendasi,keluar,sindangjawa,dukupuntang,kab. cirebon
smk negeri 4 kuningan,informatika,perempuan,rekomendasi,lanjut,cibogo,waled,kab. cirebon
pkbm handayani,informatika,laki-laki,rekomendasi,keluar,pangaradan,tanjung,kab. brebes
smkn 1 mundu,informatika,perempuan,rekomendasi,lanjut,mundu mesigit,mundu,kab. cirebon
smk farmasi ypib cirebon,informatika,perempuan,rekomendasi,lanjut,jagasatru,pekalipan,kota cirebon
man 2 majalengka,informatika,laki-laki,rekomendasi,keluar,leuwilaja,sindangwangi,kab. majalengka
sman 1 sumberjaya,informatika,perempuan,rekomendasi,keluar,wetan,sumberjaya,kab. majalengka
mas manbaul ulum,informatika,laki-laki,rekomendasi,lanjut,jakasampurna,bekasi barat,kota bekasi
smkn 1 kersana,informatika,perempuan,rekomendasi,keluar,cibendung,banjarharjo,kab. brebes
smk bina bangsa kersana,informatika,laki-laki,rekomendasi,keluar,cibendung,banjarharjo,kab. brebes
smkn 4 kuningan,informatika,laki-laki,rekomendasi,lanjut,sukadana,pabuaran,kab. cirebon
smkn 1 lemahabang,informatika,laki-laki,rekomendasi,lanjut,nanggela,greged,kab. cirebon
smk bina islam mandiri kersana,informatika,laki-laki,rekomendasi,lanjut,bulakelor,ketanggungan,kab. brebes
smk pesantrenciwaringin,informatika,laki-laki,rekomendasi,lanjut,galagamba,ciwaringin,kab. cirebon
sman 1 serang,informatika,laki-laki,rekomendasi,lanjut,pejaten,kramatwatu,kab. serang
man 2 cirebon,informatika,laki-laki,rekomendasi,lanjut,larangan,harjamukti,kota cirebon
smk karya nasional sindangwangi majalengka,keperawatan,perempuan,umum,keluar,lame,leuwimunding,kab. majalengka
sman 1 jalaksana kuningan,keperawatan,perempuan,umum,keluar,jalaksana,jalaksana,kab. kuningan
smk farmasi ypib cirebon,keperawatan,perempuan,rekomendasi,lanjut,harjamukti,harjamukti,kota cirebon
smk ponpes abu mansyur cirebon,keperawatan,laki-laki,umum,keluar,bakung lor,jamblang,kab. cirebon
sman 1 sukagumiwang,keperawatan,perempuan,umum,keluar,gunungsari,sukagumiwang,kab. indramayu
man 1 cirebon,keperawatan,laki-laki,umum,keluar,cempaka,plumbon,kab. cirebon
sman 1 dukupuntang,keperawatan,perempuan,rekomendasi,lanjut,dukupuntang,dukupuntang,kab. cirebon
sman 1 ciledug,keperawatan,perempuan,organisasi,lanjut,jatiseeng kidul,ciledug,kab. cirebon
sman 1 anjatan,keperawatan,laki-laki,umum,keluar,bongas,bongas,kab. indramayu
sman 1 anjatan,keperawatan,perempuan,umum,keluar,haurkolot,haurgeulis,kab. indramayu
man 1 kota cirebon,keperawatan,perempuan,kip,keluar,megu cilik,plered,kab. cirebon
man 1 cirebon,keperawatan,perempuan,kip,lanjut,kaliwulu,plered,kab. cirebon
sman 8 cirebon,keperawatan,laki-laki,umum,keluar,larangan,harjamukti,kota cirebon
sman 2 subang,keperawatan,laki-laki,umum,lanjut,bendungan,pagaden barat,kab. subang
sman 1 waled,keperawatan,perempuan,umum,keluar,pabuaran wetan,pabuaran,kab. cirebon
sman 1 sumber,keperawatan,perempuan,kip,lanjut,wanasaba lor,talun,kab. cirebon
smk kesehatan ypkh palimanan,keperawatan,perempuan,kip,lanjut,warugede,depok,kab. cirebon
ma nu assalafie,keperawatan,perempuan,kip,lanjut,kedungsana,plumbon,kab. cirebon
sma pgri cirebon,keperawatan,perempuan,umum,keluar,kalijaga,harjamukti,kota cirebon
man 1 tegal,keperawatan,perempuan,umum,keluar,negla,losari,kab. brebes
sman 1 babakan,keperawatan,perempuan,umum,keluar,babakan gebang,babakan,kab. cirebon
sman 1 sindangwangi,keperawatan,laki-laki,umum,lanjut,sindangwangi,sindangwangi,kab. majalengka
smk al-hidayah,keperawatan,perempuan,rekomendasi,keluar,kalikoa,kedawung,kab. cirebon
ma al-marifah,keperawatan,perempuan,kip,lanjut,panjalin. lor,sumberjaya,kab. majalengka
ma khas kempek,keperawatan,perempuan,organisasi,lanjut,arjasari,patrol,kab. indramayu
sman 5 cirebon,keperawatan,perempuan,kip,lanjut,harjamukti,harjamukti,kota cirebon
smas yppk agustinus,keperawatan,perempuan,umum,keluar,malanu,sorong utara,kota sorong
ma khas kempek,keperawatan,perempuan,kip,lanjut,panjalin lor,sumberjaya,kab. majalengka
smk al- hidayah,keperawatan,perempuan,kip,lanjut,karanganyar,dukuhturi,kab. tegal
sman 1 krangkeng,keperawatan,perempuan,rekomendasi,lanjut,kaplongan,kedokan bunder,kab. indramayu
sman 1 karang wareng,keperawatan,perempuan,rekomendasi,lanjut,jatirenggang,pabuaran,kab. cirebon
sman 1 karang wareng,keperawatan,perempuan,rekomendasi,lanjut,cibogo,waled,kab. cirebon
smk farmasi kedawung,keperawatan,perempuan,kip,lanjut,kalijaga,harjamukti,kota cirebon
smk islam an-nur,keperawatan,perempuan,rekomendasi,keluar,luwungbata,tanjung,kab. brebes
sman 3 sumedang,keperawatan,laki-laki,kip,lanjut,jatimulya,sumedang utara,kab. sumedang
smk muhammadiyah haurgeulis,keperawatan,perempuan,kip,lanjut,haurkolot,haurgeulis,kab. indramayu
ma manbaul hikmah,keperawatan,perempuan,umum,lanjut,tawangsari,losari,kab. cirebon
sman 1 indramayu,keperawatan,perempuan,umum,keluar,pabean udik,indramayu,kab. indramayu
man 1 kota cirebon,keperawatan,perempuan,umum,keluar,purwawinangun,suranenggala,kab. cirebon
sman 3 cirebon,keperawatan,perempuan,kip,lanjut,larangan,harjamukti,kota cirebon
smas al-hikmah 2,keperawatan,perempuan,kip,lanjut,argasunya,harjamukti,kota cirebon
sman 1 rajagaluh,keperawatan,perempuan,umum,keluar,lengkong wetan,sindangwangi,kab. majalengka
sman 1 kuningan,keperawatan,perempuan,kip,lanjut,jagasari,cikijing,kab. majalengka
sman 3 cirebon,keperawatan,perempuan,kip,lanjut,larangan,harjamukti,kota cirebon
smk farmasi ypib,keperawatan,perempuan,kip,lanjut,kalibaru,tengah tani,kab. cirebon
sman 2 cirebon,keperawatan,laki-laki,umum,keluar,kertawinangun,kedawung,kab. cirebon
smk karya medika,keperawatan,perempuan,umum,keluar,dukuhjeruk,banjarharjo,kab. cirebon
sman 1 palimanan,keperawatan,perempuan,kip,keluar,galagamba,ciwaringin,kab. cirebon
smk pui kesehatan,keperawatan,perempuan,kip,lanjut,jadimulya,gunungjati,kab. cirebon
sman 5 cirebon,keperawatan,perempuan,kip,lanjut,kecomberan,talun,kab. cirebon
man 4 cirebon,keperawatan,perempuan,umum,keluar,bojonggebang,babakan,kab. cirebon
sma it al-burhany,keperawatan,perempuan,umum,lanjut,setupatok,mundu,kab. cirebon
smk persada kuningan,keperawatan,perempuan,kip,lanjut,bendungan,lebakwangi,kab. kuningan
smk bina cendekia cirebon,keperawatan,perempuan,kip,lanjut,gumulung tonggoh,greged,kab. cirebon
sman 1 cirebon,keperawatan,perempuan,umum,keluar,sukapura,kejaksan,kota cirebon
sman 1 ciwaringin,keperawatan,perempuan,umum,lanjut,galagamba,ciwaringin,kab. cirebon
sman 1 dukupuntang,keperawatan,perempuan,kip,lanjut,kenanga,sumber,kab. cirebon
sman 1 sumber,keperawatan,laki-laki,rekomendasi,lanjut,tukmudal,sumber,kab. cirebon
sman 1 juntinyuat,keperawatan,perempuan,organisasi,lanjut,juntinyuat,juntinyuat,kab. indramayu
sman 6 cirebon,keperawatan,perempuan,rekomendasi,lanjut,keraton,suranenggala,kab. cirebon
man 3 cirebon,keperawatan,laki-laki,rekomendasi,lanjut,japura kidul,astanajapura,kab. cirebon
smk persada kuningan,keperawatan,perempuan,kip,lanjut,jabranti,karang kancana,kab. kuningan
smk yapin kertasemaya,keperawatan,perempuan,kip,keluar,guwa lor,kaliwedi,kab. cirebon
sma islam al-mizan,keperawatan,perempuan,rekomendasi,keluar,banjaransari,cikijing,kab. majalengka
sman 1 krangkeng,keperawatan,perempuan,rekomendasi,keluar,kalianyar,krangkeng,kab. indramayu
smk pui kesehatan,keperawatan,perempuan,tahfidz,lanjut,astana,gunungjati,kab. cirebon
smkn 1 gunung jati,keperawatan,laki-laki,kip,lanjut,buyut,gunungjati,kab. cirebon
sman 1 cigugur,keperawatan,laki-laki,rekomendasi,lanjut,padahurip,selajambe,kab. kuningan
sman 1 kuningan,keperawatan,perempuan,umum,lanjut,ciporang,kuningan,kab. kuningan
man 1 kota cirebon,keperawatan,perempuan,rekomendasi,lanjut,klayan,gunungjati,kab. cirebon
sman 5 cirebon,keperawatan,laki-laki,rekomendasi,lanjut,kalibaru,tengah tani,kab. cirebon
smk kesehatan sadewa yogyakarta,keperawatan,perempuan,umum,lanjut,sambirmaya,juntinyuat,kab. indramayu
ma salafiyah,keperawatan,perempuan,kip,lanjut,megu gede,weru,kab. cirebon
ponpes tahfidz dar al-qur'an al islamy,keperawatan,perempuan,tahfidz,lanjut,suradadi,suradadi,kab. tegal
sman 1 cirebon,keperawatan,laki-laki,rekomendasi,lanjut,kejaksan,kejaksan,kota cirebon
sman 3 cirebon,keperawatan,perempuan,umum,lanjut,banjarwangunan,mundu,kab. cirebon
smkn 1 mundu,keperawatan,perempuan,kip,lanjut,pegaan lor,kapetakan,kab. cirebon
sman 1 ciawigebang,keperawatan,perempuan,rekomendasi,keluar,sukajaya,cimahi,kab. kuningan
sma islam qurani albahjah,keperawatan,laki-laki,organisasi,lanjut,kesambi,sunyaragi,kota cirebon
sman 2 tarakan,keperawatan,perempuan,umum,keluar,mamburungan,tarakan timur,kota tarakan
smk pelita jatibarang,keperawatan,perempuan,umum,lanjut,majasih,sliyeg,kab. indramayu
smk pelita jatibarang,keperawatan,perempuan,umum,lanjut,jatibarang baru,jatibarang,kab. indramayu
sman 1 rantau,keperawatan,laki-laki,umum,keluar,pertamina,rantau,kab. aceh tamiang
smk negeri 1 mundu,keperawatan,perempuan,umum,keluar,pangenan,pangenan,kab. cirebon
sman 1 jamblang,keperawatan,perempuan,umum,lanjut,bangodua,klangenan,kab. cirebon
smk kesehatan bhakti kencana cimahi,keperawatan,perempuan,umum,keluar,baros,cimahi tengah,kota cimahi
sman 1 babakan,keperawatan,perempuan,rekomendasi,lanjut,gebang,gebang,kab. cirebon
sman 1 dukupuntang,keperawatan,perempuan,umum,lanjut,sindangjawa,dukupuntang,kab. cirebon
smk manbaul ulum,keperawatan,perempuan,rekomendasi,lanjut,cempaka,plumbon,kab. cirebon
sman 1 arjawinangun,kebidanan,perempuan,kip,lanjut,pangurangan,panguragan,kab. cirebon
ma nu assalafie,kebidanan,perempuan,umum,keluar,tawangsari,losari,kab. cirebon
mas nu putri,kebidanan,perempuan,organisasi,keluar,mulyasari,losari,kab. cirebon
man 2 cirebon,kebidanan,perempuan,umum,keluar,dadap,juntinyuat,kab. indramayu
smk kartika,kebidanan,perempuan,kip,lanjut,kesepuhan,lemahwungkuk,kota cirebon
smkn 2 indramayu,kebidanan,perempuan,kip,lanjut,pasekan,pasekan,kab. indramayu
smk negeri 2 bawang,kebidanan,perempuan,kip,keluar,kalibening,kalibombong,kab. banjarnegara
ma ash-shiddiqiyyah,kebidanan,perempuan,kip,keluar,argasunya,harjamukti,kota cirebon
ma miftahuttolibin,kebidanan,perempuan,kip,keluar,pamengkang,mundu,kab. cirebon
sman 1 lemahabang,kebidanan,perempuan,kip,keluar,sarajaya,lemahabang,kab. cirebon
sman 1 lemahabang,kebidanan,perempuan,kip,lanjut,mertapada kulon,astanajapura,kab. cirebon
sman 1 lemahabang,kebidanan,perempuan,kip,lanjut,lemahabang kulon,lemahabang,kab. cirebon
sman 1 lemahabang,kebidanan,perempuan,kip,lanjut,mertapada kulon,astanajapura,kab. cirebon
sman 1 lemahabang,kebidanan,perempuan,kip,keluar,japura kidul,astanajapura,kab. cirebon
smk kartika xix-3,kebidanan,perempuan,kip,lanjut,wanakaya,gunungjati,kab. cirebon
sman 1 dukupuntang,kebidanan,perempuan,kip,keluar,cikahalang,dukupuntang,kab. cirebon
smk kartika xix-3,kebidanan,perempuan,kip,lanjut,mundumesigit,mundu,kab. cirebon
smkn 1 mundu,kebidanan,perempuan,kip,lanjut,pegambiran,lemahwungkuk,kota cirebon
man 2 cirebon,rekam medis,laki-laki,umum,keluar,cikarang,cilamaya wetan,kab. karawang
sman 4 cirebon,rekam medis,laki-laki,organisasi,lanjut,sunyaragi,kesambi,kota cirebon
smk farmasi muhammadiyah cirebon,rekam medis,perempuan,rekomendasi,lanjut,pejambon,sumber,kab. cirebon
smkn 1 kedawung,rekam medis,laki-laki,rekomendasi,lanjut,kemlakagede,tengah tani,kab. cirebon
sman 1 ciledug,rekam medis,perempuan,rekomendasi,lanjut,sukadana,pabuaran,kab. cirebon
sman 1 pamanukan,rekam medis,perempuan,rekomendasi,lanjut,sukrawetan,sukra,kab. indramayu
smk bakti indonesia,rekam medis,perempuan,umum,keluar,cijagamulya,ciawigebang,kab. kuningan
sman 1 sumber,rekam medis,laki-laki,umum,lanjut,sumber,sumber,kab. cirebon
sman 2 indramayu,rekam medis,laki-laki,umum,keluar,sudimampir lor,balongan,kab. indramayu
smks pui cirebon,rekam medis,perempuan,kip,lanjut,surakarta,suranenggala,kab. cirebon
sman 1 dukupuntang,rekam medis,perempuan,kip,lanjut,cikalahang,dukupuntang,kab. cirebon
sman 1 sumber,rekam medis,perempuan,kip,lanjut,sendang,sumber,kab. cirebon
smkn 1 kedawung,rekam medis,perempuan,umum,keluar,kejaksan,kejaksan,kota cirebon
man 2 subang,rekam medis,perempuan,umum,lanjut,rancaudik,tambakdahan,kab. subang
mas sunan pandaranan,rekam medis,laki-laki,organisasi,keluar,jengkok,kertasemaya,kab. indramayu
sman 1 pamanukan,rekam medis,perempuan,umum,keluar,mulyasari,pamanukan,kab. subang
man 3 cirebon,rekam medis,perempuan,rekomendasi,lanjut,karanganyar,panguragan,kab. cirebon
sman 1 sumber,rekam medis,perempuan,kip,lanjut,sendang,sumber,kab. cirebon
smkn 3 kuningan,rekam medis,laki-laki,kip,lanjut,cisantana,cigugur,kab. kuningan
sman 5 cirebon,rekam medis,perempuan,rekomendasi,lanjut,karyamulya,kesambi,kota cirebon
sman 1 ciledug,rekam medis,perempuan,rekomendasi,lanjut,losari lor,losari,kab. brebes
sman 9 cirebon,rekam medis,perempuan,rekomendasi,lanjut,losari lor,harjamukti,kota cirebon
sman 1 arjawinangun,rekam medis,perempuan,rekomendasi,lanjut,kalianyar,panguragan,kab. cirebon
ma yatamu pasawahan,rekam medis,perempuan,umum,keluar,kasepuhan,lemahwungkuk,kota cirebon
sman 4 cirebon,rekam medis,perempuan,rekomendasi,lanjut,kedawung,kedawung,kab. cirebon
sman 9 cirebon,rekam medis,laki-laki,rekomendasi,lanjut,sampiran,talun,kab. cirebon
mas nurul huda munjul,rekam medis,perempuan,umum,lanjut,rawaurip,pangenan,kab. cirebon
sma islam al-mizan,rekam medis,perempuan,kip,lanjut,kecapi,harjamukti,kota cirebon
sma islam al-mizan,rekam medis,perempuan,rekomendasi,keluar,karangsambung,kadipaten,kab. majalengka
sman 1 babakan,rekam medis,perempuan,rekomendasi,lanjut,babakan gebang,babakan,kab. cirebon
man 3 cirebon,rekam medis,perempuan,rekomendasi,keluar,mertapada kulon,astanajapura,kab. cirebon
sman 1 dukupuntang,rekam medis,laki-laki,rekomendasi,lanjut,kaduanan,depok,kab. cirebon
smk cibening,rekam medis,laki-laki,umum,lanjut,sukarapih,cibeureum,kab. kuningan
sman 1 majalengka,rekam medis,perempuan,rekomendasi,lanjut,jatitujuh,jatitujuh,kab. majalengka
smkn 1 cirebon,rekam medis,laki-laki,umum,keluar,drajat,kesambi,kota cirebon
sman 3 cirebon,rekam medis,laki-laki,rekomendasi,lanjut,pekalipan,pekalipan,kota cirebon
mas baitulhikmah,rekam medis,laki-laki,umum,lanjut,cikulak kidul,waled,kab. cirebon
sman 1 kuningan,rekam medis,laki-laki,organisasi,lanjut,cibinuang,kuningan,kab. kuningan
sman 6 cirebon,rekam medis,perempuan,umum,lanjut,jadimulya,gunungjati,kab. cirebon
sman 9 cirebon,kesehatan masyarakat,perempuan,organisasi,lanjut,kalijaga,harjamukti,kota cirebon
ma salafiyah syafi'iyah tebuireng,kesehatan masyarakat,laki-laki,umum,lanjut,harjamukti,harjamukti,kota cirebon
sman 7 cirebon,kesehatan masyarakat,perempuan,kip,lanjut,cirebon girang,talun,kab. cirebon
sman 1 terisi,kesehatan masyarakat,perempuan,umum,lanjut,jambak,cikedung,kab. indramayu
smk farmasi muhamadiyah,kesehatan masyarakat,perempuan,kip,lanjut,kasepuhan,lemahwungkuk,kota cirebon
sma nu lemahabang,kesehatan masyarakat,perempuan,umum,lanjut,kondang jaya,karawang timur,kab. karawang
sma madinatunnajah,kesehatan masyarakat,perempuan,kip,lanjut,pangabean,losari,kab. brebes
sman 6 cirebon,kesehatan masyarakat,perempuan,kip,lanjut,pekiringan,kesambi,kota cirebon
sman 5 cirebon,kesehatan masyarakat,perempuan,rekomendasi,lanjut,buyut,gunungjati,kab. cirebon
sma madinatunnajah,kesehatan masyarakat,perempuan,kip,lanjut,pangabean,losari,kab. brebes
sman 1 rajagaluh,kesehatan masyarakat,laki-laki,rekomendasi,lanjut,leuwikujang,leuwimunding,kab. majalengka
sman 1 astanajapura,kesehatan masyarakat,perempuan,rekomendasi,lanjut,panongalor,sedong,kab. cirebon
smk manbaul ulum,kesehatan masyarakat,perempuan,kip,lanjut,kedungbunder,gempol,kab. cirebon
sman 9 cirebon,kesehatan masyarakat,perempuan,umum,lanjut,kalijaga,harjamukti,kota cirebon
sman 1 cirebon,kesehatan masyarakat,perempuan,kip,lanjut,kesenden,kejaksan,kota cirebon
sma sains wahid hasyim,kesehatan masyarakat,perempuan,umum,lanjut,harjamukti,harjamukti,kota cirebon
sman 1 losari,kesehatan masyarakat,perempuan,organisasi,lanjut,ambulu,losari,kab. cirebon
smk kartika xix-3,keperawatan,perempuan,organisasi,lanjut,gapurana,talango,kab. sumenep
smk rise kedawung,keperawatan,perempuan,kip,lanjut,pekantingan,klangenan,kota cirebon
sman mandirancan,keperawatan,laki-laki,organisasi,lanjut,seda,mandirancan,kab. kuningan
sman 1 losari,keperawatan,laki-laki,umum,lanjut,kalimukti,pabedilan,kab. cirebon
smk kartika xix-3,keperawatan,perempuan,organisasi,lanjut,suci,mundu,kota cirebon
smk kartika xix-3,keperawatan,perempuan,organisasi,lanjut,cempaka,talun,kota cirebon
smk kartika xix-3,keperawatan,perempuan,organisasi,lanjut,pilang sari,kedawung,kota cirebon
smk kartika xix-3,keperawatan,perempuan,organisasi,lanjut,sendang,sumber,kota cirebon
sman 1 pabedilan,keperawatan,perempuan,organisasi,lanjut,silih asih,pabedilan,kab. cirebon
sman 1 palimanan,keperawatan,perempuan,kip,lanjut,karangmulya,plumbon,kab. cirebon
man 3 cirebon,keperawatan,perempuan,tahfidz,lanjut,sawojajar,wanasari,kab. brebes
sman 1 sukatani,keperawatan,perempuan,kip,lanjut,tajur sindang,sukatani,kab. purwakarta
smk muhammadiyah haur geulis,keperawatan,perempuan,umum,lanjut,haurkolot,haurgeulis,kab. indramayu
sman 1 cibingbin,keperawatan,perempuan,organisasi,lanjut,penaggapan,banjarharjo,kab. brebes
sman 1 cibingbin,keperawatan,perempuan,umum,lanjut,sukamaju,cibingbin,kab. kuningan
sman 1 dukupuntang,keperawatan,perempuan,organisasi,lanjut,desa cangkoak,dukupuntang,kab. cirebon
sman 1 jatiwangi,keperawatan,perempuan,kip,lanjut,desa jatisura,jatiwangi,kab. majalengka
sman 1 jatiwangi,keperawatan,laki-laki,kip,lanjut,loji,jatiwangi,kab. majalengka
sman 1 cirebon,keperawatan,perempuan,organisasi,lanjut,pilang sari,kedawung,kab. cirebon
sman 1 losari,keperawatan,laki-laki,umum,lanjut,ambulu,losari,kab. cirebon
smk manbaul ulum,keperawatan,perempuan,organisasi,lanjut,cirebon girang,talun,kab. cirebon
sman 1 mandirancan,keperawatan,perempuan,umum,lanjut,patalagan,pancalang,kab. kuningan
smk madinatil qur'an,keperawatan,laki-laki,umum,lanjut,karyamulya,kesambi,kota cirebon
sman 1 sukagumiwang,keperawatan,perempuan,umum,lanjut,sukagumiwang,sukagumiwang,kab. indramayu
sman 1 krangkeng,keperawatan,perempuan,kip,lanjut,krangkeng,krangkeng,kab. indramayu
smk karya nasional majalengka,keperawatan,perempuan,kip,lanjut,balagedog,sindangwangi,kab. majalengka
mas an nur,keperawatan,perempuan,organisasi,lanjut,pulasaren,pekalipan,kota cirebon
sma islam qurani albahjah,keperawatan,perempuan,umum,lanjut,kesepuahn,lemahwungkuk,kota cirebon
sman 9 cirebon,keperawatan,perempuan,umum,keluar,kalijaga,harjamukti,kota cirebon
smk kartika xix-3 cirebon,keperawatan,perempuan,kip,lanjut,pengambiran,lemahwungkuk,kota cirebon
ma basuraga,keperawatan,laki-laki,umum,lanjut,prapag kidul,losari,kab. brebes
mas manba ul ulum,keperawatan,laki-laki,umum,lanjut,karangsambung,arjawinangun,kab. cirebon
sman 1 sindangwangi,keperawatan,perempuan,organisasi,lanjut,ujungberung,sindangwangi,kab. majalengka
smk al-ma'rifah,keperawatan,perempuan,kip,lanjut,sukakerta,cilamaya wetan,kab. karawang
smk al-ma'rifah,keperawatan,perempuan,kip,lanjut,kedongdong,susukan,kab. cirebon
smk bina cendekia cirebon,keperawatan,perempuan,umum,lanjut,jatipancur,greged,kab. cirebon
sman 1 kandanghaur,keperawatan,perempuan,rekomendasi,lanjut,gabus kulon,gabus wetan,kab. indramayu
smk gracika cirebon,keperawatan,laki-laki,umum,lanjut,cirebon girang,talun,kab. cirebon
smk kesehatan ypkh palimanan,keperawatan,perempuan,kip,lanjut,kasugengan kidul,depok,kab. cirebon
smk ypib,keperawatan,perempuan,umum,lanjut,kebon baru,kejaksan,kota cirebon
smkf ypib,keperawatan,perempuan,umum,lanjut,pangkalan,plered,kab. cirebon
sman 1 pabedilan,keperawatan,laki-laki,rekomendasi,lanjut,astanalanggar,losari,kab. cirebon
sman 1 majalengka,keperawatan,perempuan,umum,lanjut,jatipamor,panyingkiran,kab. majalengka
sma islam qurani,keperawatan,laki-laki,umum,lanjut,gegesik kidul,gegesik,kab. cirebon
sman 1 plumbon,keperawatan,perempuan,rekomendasi,lanjut,pangkalan,plered,kab. cirebon
sman 1 plumbon,keperawatan,perempuan,rekomendasi,lanjut,pangkalan,plered,kab. cirebon
sman 1 plumbon,keperawatan,laki-laki,umum,lanjut,gombang,plumbon,kab. cirebon
sman 1 astanajapura,keperawatan,perempuan,rekomendasi,lanjut,sedong kidul,sedong,kab. cirebon
sman 1 cilimus,keperawatan,perempuan,umum,lanjut,desa kondangsari,beber,kab. cirebon
sman 1 astanajapura,keperawatan,perempuan,rekomendasi,lanjut,gumulung tonggoh,greged,kab. cirebon
sman 4 tanggerang,keperawatan,perempuan,organisasi,lanjut,panongan,panongan,kab. tanggerang
smas plus al-wahid salawu,keperawatan,perempuan,umum,lanjut,manislor,jalaksana,kab. kuningan
mas daarul muttaqien kampus 1,keperawatan,perempuan,umum,lanjut,ketapang,mauk,kab. tanggerang
ma yppa cipulus,keperawatan,perempuan,umum,lanjut,kendaljaya,pedes,kab. karawang
smkn 2 cirebon,keperawatan,perempuan,kip,lanjut,kalijaga,harjamukti,kota cirebon
man 3 cirebon,keperawatan,perempuan,organisasi,lanjut,panonganlor,sedong,kab. cirebon
sman 1 banjarharjo,keperawatan,perempuan,umum,lanjut,cigadung,banjarharjo,kab. brebes
sman 1 krangkeng,keperawatan,perempuan,umum,lanjut,krangkeng,krangkeng,kab. indramayu
sman 3 cirebon,keperawatan,laki-laki,kip,lanjut,kecapi,harjamukti,kota cirebon
sman 2 kota serang,keperawatan,perempuan,kip,lanjut,pancanegara,pabuaran,kab. serang
smk rise kedawung,keperawatan,perempuan,umum,lanjut,karyamulya,kesambi,kota cirebon
mas darussalam,keperawatan,perempuan,umum,lanjut,tanjung mekar,karawang barat,kab. karawang
sman 1 cilimus,keperawatan,perempuan,rekomendasi,lanjut,karangmuncang,cigandamekar,kab. kuningan
sman 4 cirebon,keperawatan,perempuan,rekomendasi,keluar,cempaka,talun,kab. cirebon
smk rise majalengka,keperawatan,perempuan,rekomendasi,lanjut,cipaku,kadipaten,kab. majalengka
man 2 cirebon,keperawatan,perempuan,umum,lanjut,kalijaga,harjamukti,kota cirebon
sman 5 bandung,keperawatan,perempuan,umum,lanjut,tegal gubuk,arjawinangun,kab. cirebon
man 2 cirebon,keperawatan,perempuan,rekomendasi,lanjut,gintung kidul,ciwaringin,kab. cirebon
ma pesantren wirausaha kebon cinta,rekam medis,perempuan,kip,lanjut,kepongpongan,talun,kab. cirebon
smk manbaul ulum,rekam medis,perempuan,kip,lanjut,sumber,sumber,kab. cirebon
sman 1 purwadadi,rekam medis,perempuan,organisasi,lanjut,purwadadi barat,purwadadi,kab. subang
sman 1 purwadadi,rekam medis,perempuan,organisasi,lanjut,parapatan,purwadadi,kab. subang
smk al-ikhlas losari,rekam medis,perempuan,umum,lanjut,prapag kidul,losari,kab. brebes
smk karya nasional kuningan,rekam medis,perempuan,umum,lanjut,cijoho,kuningan,kab. kuningan
sman 9 cirebon,rekam medis,perempuan,umum,lanjut,kalijaga,harjamukti,kota cirebon
sman 1 kandanghaur,rekam medis,perempuan,organisasi,lanjut,wirakanan,kandanghaur,kab. indramayu
smkn 3 kuningan,rekam medis,laki-laki,umum,lanjut,cimulya,cimahi,kab. kuningan
sman 9 cirebon,rekam medis,laki-laki,kip,lanjut,harjamukti,harjamukti,kota cirebon
smk islamic centre,rekam medis,laki-laki,kip,lanjut,pekiringan,kesambi,kota cirebon
pp manba'ul ulum,rekam medis,perempuan,umum,lanjut,cikeduk,depok,kab. cirebon
sman 1 sumber,rekam medis,laki-laki,prestasi,keluar,tukmudal,sumber,kab. cirebon
sman 1 dukupuntang,rekam medis,perempuan,organisasi,keluar,giri nata,dukupuntang,kab. cirebon
sman 1 dukupuntang,rekam medis,perempuan,organisasi,keluar,girinata,dukupuntang,kab. cirebon
man 2 cirebon,rekam medis,laki-laki,umum,lanjut,susukan,susukan,kab. cirebon
sman 7 cirebon,rekam medis,laki-laki,umum,keluar,kepongpongan,talun,kab. cirebon
sman 1 mandirancan,rekam medis,perempuan,organisasi,keluar,mandirancan,mandirancan,kab. kuningan
mas nu putri,rekam medis,perempuan,umum,keluar,meruya selatan,kembangan,ka. jakarta barat
ma tunas pertiwi,rekam medis,perempuan,umum,lanjut,conggeang wetan,conggeang,kab. sumedang
smk budi bhakti,rekam medis,perempuan,umum,lanjut,sidawangi,sumber,kab. cirebon
smkf ypib cirebon,rekam medis,perempuan,rekomendasi,lanjut,sirnabaya,gunungjati,kab. cirebon
smkf ypib cirebon,rekam medis,perempuan,umum,lanjut,purwawinangun,suranenggala,kab. cirebon
sman 1 ciwaru,rekam medis,perempuan,organisasi,lanjut,karangbaru,ciwaru,kab. kuningan
sman 1 jamblang,rekam medis,perempuan,kip,lanjut,bodelor,plumbon,kab. cirebon
sman 1 waled,rekam medis,laki-laki,organisasi,lanjut,jatiseeng,ciledug,kab. cirebon
smkn 1 cirebon,rekam medis,laki-laki,kip,lanjut,astana,gunungjati,kab. cirebon
smk farmasi ypib cirebon,rekam medis,perempuan,rekomendasi,lanjut,kaligawe,susukan lebak,kab. cirebon
smk islam diponegoro,rekam medis,perempuan,umum,lanjut,kalirahayu,losari,kab. cirebon
sman 1 haurgeulis,rekam medis,laki-laki,rekomendasi,lanjut,situraja,gantar,kab. indramayu
sman 3 cirebon,rekam medis,perempuan,umum,lanjut,cipurna,talun,kota cirebon
smk rise kedawung,rekam medis,perempuan,kip,lanjut,karangmulya,plumbon,kab. cirebon
smk manbaul ulum,rekam medis,laki-laki,rekomendasi,lanjut,keduanan,depok,kab. cirebon
sman 1 sumber,rekam medis,laki-laki,rekomendasi,lanjut,tukmudal,sumber,kab. cirebon
smk rise majalengka,rekam medis,perempuan,organisasi,lanjut,karang kambung,kadipaten,kab. majalengka
smk farmasi muhammadiyah cirebon,rekam medis,perempuan,umum,lanjut,kecapi,harjamukti,kota cirebon
sman 1 sumber,rekam medis,laki-laki,rekomendasi,lanjut,tukmudal,sumber,kab. cirebon
sman 7 cirebon,rekam medis,perempuan,umum,lanjut,sunyaragi,kesambi,kota cirebon
smk farmasi muhammadiyah cirebon,rekam medis,perempuan,kip,lanjut,adi dharma,gunungjati,kab. cirebon
smk farmasi ypib cirebon,rekam medis,perempuan,rekomendasi,lanjut,harjamukti,harjamukti,kota cirebon
sman 1 losari,rekam medis,perempuan,rekomendasi,lanjut,pasuruan,pabedilan,kab. cirebon
smks cendekia,rekam medis,perempuan,rekomendasi,keluar,sampiran,talun,kab. cirebon
sman 8 cirebon,rekam medis,perempuan,rekomendasi,lanjut,bendungan,pangenan,kab. cirebon
sman 1 susukan,rekam medis,laki-laki,umum,lanjut,waru jaya,parung,kab. bogor
man 3 cirebon,rekam medis,perempuan,rekomendasi,lanjut,japura lor,pangenan,kab. cirebon
smk islam diponegoro,rekam medis,perempuan,umum,lanjut,prapag kidul,losari,kab. brebes
man 1 cirebon,rekam medis,perempuan,rekomendasi,keluar,sumber,sumber,kab. cirebon
sman 1 kasokandel,rekam medis,laki-laki,rekomendasi,lanjut,pagandon,kadipaten,kab. majalengka
smkn 1 lemahsugih,rekam medis,perempuan,rekomendasi,lanjut,kalapadua,lemahsugih,kab. majalengka
smk informatika al irsyad al islamiyyah,rekam medis,perempuan,organisasi,keluar,karya mulya,kesambi,kota cirebon
sman 3 cirebon,rekam medis,perempuan,umum,lanjut,kecapi,harjamukti,kota cirebon
sman 1 beber,rekam medis,perempuan,rekomendasi,lanjut,beber,beber,kab. cirebon
sman 1 purwadadi,kebidanan,perempuan,organisasi,lanjut,purwadadi timur,purwadadi,kab. subang
sman 1 gantung,kebidanan,perempuan,umum,lanjut,lenggang,gatung,kab. belitung timur
sman 1 ciwaru,kebidanan,perempuan,organisasi,lanjut,sagaranten,ciwaru,kab. kuningan
sman 8 cirebon,kebidanan,perempuan,rekomendasi,lanjut,penggambiran,lemahwungkuk,kota cirebon
smkn 1 kedawung,kebidanan,perempuan,umum,lanjut,kesambi,kesambi,kota cirebon
sman 1 tanjung,kebidanan,perempuan,organisasi,lanjut,sengon,tanjung,kab. brebes
man 1 kota cirebon,kebidanan,perempuan,umum,lanjut,desa mayung,gunungjati,kota cirebon
smkf ybib cirebon,kebidanan,perempuan,rekomendasi,lanjut,jamblang,jamblang,kab. cirebon
man 1 indramayu,kebidanan,perempuan,umum,lanjut,drunten wetan,gabus wetan,kab. indramayu
smk plus as salafiyah,kebidanan,perempuan,prestasi,lanjut,tawangsari,losari,kab. cirebon
sma islam al mizan,kebidanan,perempuan,rekomendasi,lanjut,merlung,merlung,kab. kuningan
smk pgri 2 palimanan,informatika,laki-laki,rekomendasi,keluar,balerante,palimanan,kab. cirebon
sman 5 cirebon,informatika,perempuan,rekomendasi,lanjut,cirebon girang,talun,kab. cirebon
sma it annisa kedungora,informatika,laki-laki,umum,keluar,bengle,majalaya,kab. karawang
smkn 1 cirebon,informatika,laki-laki,rekomendasi,lanjut,karyamulya,kesambi,kota cirebon
smkn 1 cirebon,informatika,laki-laki,rekomendasi,lanjut,watubelah,sumber,kab. cirebon
smk informatika al irsyad al islamiyyah,informatika,perempuan,rekomendasi,lanjut,karya mulya,kesambi,kota cirebon
sman 3 cirebon,informatika,laki-laki,rekomendasi,lanjut,harjamukti,harjamukti,kota cirebon
man 2 kota cirebon,informatika,laki-laki,rekomendasi,lanjut,kalijaga,harjamukti,kota cirebon
pkbm darul fikri,informatika,laki-laki,rekomendasi,lanjut,bendan,pekalongan barat,kota pekalongan
sman 3 cirebon,informatika,perempuan,rekomendasi,lanjut,kesepuhan,lemahwungkuk,kota cirebon
smk manbaul ulum,informatika,laki-laki,rekomendasi,lanjut,larangan,harjamukti,kota cirebon
smk al irsyad al islamiyyah,informatika,laki-laki,rekomendasi,lanjut,dawuan,tengah tani,kab. cirebon
smks taman karya madya teknik,informatika,laki-laki,rekomendasi,lanjut,kesenden,kejaksan,kota cirebon
smk n 2 cirebon,kesehatan masyarakat,perempuan,kip,lanjut,kesambi,kesambi,kota cirebon
smk plus fatahillah,kesehatan masyarakat,perempuan,kip,lanjut,jagapura kulon,gegesik,kab. cirebon
smk plus fatahillah,kesehatan masyarakat,perempuan,kip,lanjut,jagapura wetan,gegesik,kab. cirebon
smk suryanegara plumbon,kesehatan masyarakat,perempuan,kip,lanjut,mulyasari,binong,kab. subang
smk ponpes abu manshur,kesehatan masyarakat,laki-laki,kip,lanjut,tegalsari,plered,kab. cirebon
smk ponpes abu manshur,kesehatan masyarakat,perempuan,kip,lanjut,sepanjang jaya,rawalumbu,kota bekasi
smk ma'arif al mizan,kesehatan masyarakat,perempuan,kip,lanjut,beusi,ligung,kab. majalengka
smkn 1 cirebon,kesehatan masyarakat,laki-laki,kip,lanjut,pamengkang,mundu,kab. cirebon
sman 1 plumbon,kesehatan masyarakat,perempuan,kip,lanjut,tegalwangi,weru,kab. cirebon
man 5 cirebon,kesehatan masyarakat,perempuan,kip,lanjut,tawangsari,losari,kab. cirebon
sman 5 cirebon,kesehatan masyarakat,perempuan,kip,lanjut,kesambi,kesambi,kota cirebon
smk kes. banten,kesehatan masyarakat,laki-laki,kip,lanjut,tugu,sliyeg,kab. indramayu
sman 1 dukupuntang,kesehatan masyarakat,perempuan,kip,lanjut,warugede,depok,kab. cirebon
man 3 cirebon,kesehatan masyarakat,perempuan,umum,lanjut,bulak,arjawinangun,kab. cirebon
sman 1 sumber,kesehatan masyarakat,perempuan,kip,lanjut,tukmudal,sumber,kab. cirebon
smkn 1 cirebon,kesehatan masyarakat,perempuan,kip,lanjut,karyamulya,kesambi,kota cirebon
smf muhammadiyah cirebon,kesehatan masyarakat,perempuan,kip,lanjut,panjunan,lemahwungkuk,kota cirebon
sman 2 padalarang,kesehatan masyarakat,perempuan,kip,lanjut,kertajaya,padalarang,kab. bandung barat
sman 2 cirebon,kesehatan masyarakat,perempuan,kip,lanjut,pekiringan,kesambi,kota cirebon
ma ash-shiddiqiyyah,kesehatan masyarakat,perempuan,kip,lanjut,cikeduk,depok,kab. cirebon
sman 1 palimanan,kesehatan masyarakat,perempuan,kip,lanjut,tegalkarang,palimanan,kab. cirebon
smk yapin kertasmaya,kesehatan masyarakat,perempuan,kip,lanjut,tulungagung,kertasemaya,kab. indramayu
smk kartika xix-3 cirebon,kesehatan masyarakat,perempuan,kip,lanjut,kanci kulon,astanajapura,kab. cirebon
sman 1 mandirancan,kesehatan masyarakat,perempuan,kip,lanjut,sukasari,mandirancan,kab. kuningan
sman 4 cirebon,kesehatan masyarakat,perempuan,kip,lanjut,panembahan,plered,kab. cirebon
sman 1 jatibarang,kesehatan masyarakat,perempuan,kip,lanjut,songgom,songgom,kab. brebes
sma ksatria nusantara,kesehatan masyarakat,perempuan,kip,lanjut,mangunjaya,mangunjaya,kab. pangandaran
sman 13 garut,kesehatan masyarakat,perempuan,kip,lanjut,pelitaasih,selawi,kab. garut
sman 7 cirebon,kesehatan masyarakat,perempuan,kip,lanjut,cirebon girang,talun,kab. cirebon
sman 5 cirebon,kesehatan masyarakat,laki-laki,kip,lanjut,kesambi,kesambi,kota cirebon
sman 1 lemahabang,kesehatan masyarakat,laki-laki,rekomendasi,lanjut,sarajaya,lemahabang,kab. cirebon
sman 2 kota serang,kesehatan masyarakat,perempuan,umum,lanjut,ciomas,padarincang,kab. serang
man 2 tasikmalaya,kesehatan masyarakat,perempuan,kip,lanjut,karangwuni,sedong,kab. cirebon
sman 1 babakan,kesehatan masyarakat,perempuan,umum,lanjut,babakan gebang,babakan,kab. cirebon
smk wahidin cirebon,kesehatan masyarakat,perempuan,kip,lanjut,kesambi,kesambi,kota cirebon
sman 1 ciledug,kesehatan masyarakat,perempuan,organisasi,lanjut,pabuaran kidul,pabuaran,kab. cirebon
sman 5 cirebon,kesehatan masyarakat,perempuan,umum,lanjut,tegalsari,plered,kab. cirebon
sman 2 cirebon,kesehatan masyarakat,perempuan,kip,lanjut,kejaksaan,kejaksan,kota cirebon
smk ulil albab,kesehatan masyarakat,perempuan,kip,lanjut,kebarepan,plumbon,kab. cirebon
smk n 2 kuningan,kesehatan masyarakat,perempuan,kip,lanjut,maniskidul,jalaksana,kab. kuningan
sman 8 cirebon,kesehatan masyarakat,perempuan,kip,lanjut,pegambiran,lemahwungkuk,kota cirebon
sman 1 lemahabang,kesehatan masyarakat,laki-laki,umum,lanjut,panambangan,sedong,kab. cirebon
sman 1 palimanan,kesehatan masyarakat,perempuan,umum,lanjut,winong,gempol,kab. cirebon
sma manbaul'ulum,kesehatan masyarakat,laki-laki,umum,lanjut,caracas,cilimus,kab. kuningan
sman 8 cirebon,kesehatan masyarakat,perempuan,kip,lanjut,lemahwungkuk,lemahwungkuk,kota cirebon
sman 1 palimanan,kesehatan masyarakat,perempuan,kip,lanjut,tegal karang,palimanan,kab. cirebon
sman 1 palimanan,kesehatan masyarakat,perempuan,kip,lanjut,tegal karang,palimanan,kab. cirebon
stikes mahardika,kesehatan masyarakat,perempuan,rekomendasi,lanjut,cirendang,kuningan,kota kuningan
smk ponpes abu manshur,kesehatan masyarakat,laki-laki,kip,lanjut,megu cilik,weru,kab. cirebon
sman 1 kuningan,kesehatan masyarakat,laki-laki,umum,lanjut,kasturi,kuningan,kab. kuningan
sman 5 cirebon,keperawatan,perempuan,organisasi,lanjut,sampiran,talun,kab. cirebon
man 1 kota cirebon,keperawatan,perempuan,kip,lanjut,pasindangan,gunungjati,kab. cirebon
smk farmasi ypib cirebon,keperawatan,perempuan,kip,lanjut,pangkalan,plered,kab. cirebon
sman 1 pagaden,keperawatan,perempuan,umum,lanjut,bendungan,pagaden barat,kab. subang
ma manbaul ma'arif denanyar jamblang,keperawatan,perempuan,umum,lanjut,kalibuntu,losari,kab. brebes
smk widya utama indramayu,keperawatan,perempuan,organisasi,lanjut,panyindang wetan,sindang,kab. indramayu
sman 1 rajagaluh,keperawatan,laki-laki,organisasi,lanjut,peningkiran,sumberjaya,kab. majalengka
smas al muhajirin,keperawatan,perempuan,umum,lanjut,cilalawi,sukatani,kab. purwakarta
smk widya utama indramayu,keperawatan,perempuan,kip,lanjut,karangsong,indramayu,kab. indramayu
smk n 10 bandung,keperawatan,perempuan,umum,lanjut,cigedang,lurangung,kab. kuningan
sman 1 losari,keperawatan,perempuan,umum,lanjut,kalisari,losari,kab. cirebon
smkn 1 cirebon,keperawatan,laki-laki,umum,lanjut,karyamulya,kesambi,kota cirebon
smk ponpes abu manshur,keperawatan,perempuan,umum,lanjut,mayang,gunungjati,kota cirebon
smk ponpes abu manshur,keperawatan,perempuan,umum,lanjut,purwawinangun,suranenggala,kab. cirebon
sman 1 arjawinangun,keperawatan,perempuan,umum,lanjut,arjawinangun,arjawinangun,kab. cirebon
sman 1 arjawinangun,keperawatan,perempuan,umum,lanjut,arjawinangun,arjawinangun,kab. cirebon
sman 1 astanajapura,keperawatan,perempuan,umum,lanjut,kanci,astanajapura,kab. cirebon
smk mekanika buntet,keperawatan,laki-laki,umum,lanjut,japura lor,pangenan,kab. cirebon
sman 1 salem,keperawatan,perempuan,organisasi,lanjut,indarajaya,salem,kab. brebes
smk kes. bhakti kencana jatiwangi,keperawatan,perempuan,kip,lanjut,garawangi,sumberjaya,kab. majalengka
smas muhammadiyah kedawung,keperawatan,perempuan,organisasi,lanjut,wanakaya,gunungjati,kab. cirebon
sman 1 pusakanagara,keperawatan,perempuan,organisasi,lanjut,pusakajaya,pusakajaya,kab. subang
man 5 cirebon,keperawatan,perempuan,umum,lanjut,kalirahayu,losari,kab. cirebon
man 2 kota cirebon,keperawatan,perempuan,organisasi,lanjut,kecapi,harjamukti,kota cirebon
smk kes. bakti kencana jatiwangi,keperawatan,perempuan,organisasi,lanjut,wasalam,ligung,kab. majalengka
sman 1 sukagumiwang,keperawatan,perempuan,organisasi,lanjut,gunungsari,sukagumiwang,kab. indramayu
sman 1 losari,keperawatan,perempuan,organisasi,lanjut,ambulu,losari,kab. cirebon
bina insan mulia 1,keperawatan,perempuan,umum,lanjut,babadan,gunungjati,kab. cirebon
smk mekanika buntet,keperawatan,perempuan,umum,lanjut,sidamulya,astanajapura,kab. cirebon
sman 1 jamblang,keperawatan,laki-laki,umum,lanjut,danawinangun,klangenan,kab. cirebon
smk rise,keperawatan,perempuan,umum,lanjut,kalijaga,harjamukti,kota cirebon
ma al islah bobos,keperawatan,perempuan,organisasi,lanjut,ambulu,losari,kab. cirebon
man 4 cirebon,keperawatan,perempuan,organisasi,lanjut,dompyong wetan,gebang,kab. cirebon
ma nusantara arjawinangun,keperawatan,perempuan,umum,lanjut,anjatan utara,anjatan,kab. indramayu
sman 1 tanjung,keperawatan,perempuan,umum,lanjut,losari lor,losari,kab. brebes
smk khair umuur,keperawatan,perempuan,organisasi,lanjut,kalibuntu,pabedilan,kab. cirebon
smk n 1 jamblang,keperawatan,perempuan,umum,lanjut,danawinangun,klangenan,kab. cirebon
sman 1 plumbon,keperawatan,perempuan,kip,lanjut,pamijahan,plumbon,kab. cirebon
sman 1 cirebon,keperawatan,perempuan,umum,lanjut,sedonglor,sedong,kab. cirebon
sman 1 anjatan,keperawatan,perempuan,umum,lanjut,cilandak,anjatan,kab. indramayu
sman 5 cirebon,keperawatan,perempuan,umum,lanjut,sunyaragi,kesambi,kota cirebon
man 2 kota cirebon,keperawatan,perempuan,umum,lanjut,gunungsirah,darma,kab. kuningan
sman 1 mandirancan,keperawatan,perempuan,organisasi,lanjut,rajawetan,pancalang,kab. kuningan
smk ma'arif alghozali,keperawatan,perempuan,kip,lanjut,kalijaga,harjamukti,kota cirebon
sman 1 sumber,keperawatan,perempuan,umum,lanjut,kemantren,sumber,kab. cirebon
smk kartika,keperawatan,perempuan,kip,lanjut,cisaat,dukupuntang,kab. cirebon
smkn 1 leuwimunding,keperawatan,perempuan,umum,lanjut,bringin,ciwaringin,kab. cirebon
smk kartika,keperawatan,perempuan,kip,lanjut,pamengkang,mundu,kab. cirebon
sman 1 palimanan,keperawatan,perempuan,umum,lanjut,gintung kidul,ciwaringin,kab. cirebon
sman 1 bongas,keperawatan,laki-laki,umum,lanjut,kertawinangun,kandanghaur,kab. indramayu
sman 1 bulakamba,keperawatan,perempuan,umum,lanjut,pejagan,tanjung,kab. brebes
sman 1 losari,keperawatan,perempuan,umum,lanjut,losari,losari,kab. cirebon
sman 1 sumber,keperawatan,perempuan,umum,lanjut,tukmudal,sumber,kab. cirebon
sman 1 lemahabang,keperawatan,perempuan,kip,lanjut,sarajaya,lemahabang,kab. cirebon
sman 2 majalengka,keperawatan,laki-laki,umum,lanjut,pasirmuncang,panyingkiran,kab. majalengka
smk kes. 1 sukra,keperawatan,perempuan,umum,lanjut,puntang,losarang,kab. indramayu
sman 1 babakan,keperawatan,laki-laki,akademik,lanjut,cilengkrang,pasaleman,kab. cirebon
sman 1 losari brebes,keperawatan,perempuan,umum,lanjut,kalisari,losari,kab. cirebon
sman 1 jatitujuh,keperawatan,perempuan,kip,lanjut,pasiripis,kertajati,kab. majalengka
man 5 cirebon,keperawatan,perempuan,kip,lanjut,ambulu,losari,kab. cirebon
man 1 kota cirebon,keperawatan,perempuan,umum,lanjut,pilangsari,kedawung,kab. cirebon
man 5 cirebon,keperawatan,perempuan,umum,lanjut,cangkuang,babakan,kab. cirebon
sman 1 tanjungsiang,keperawatan,perempuan,kip,lanjut,sukakerti,cisalak,kab. subang
sman 1 arjawinangun,keperawatan,perempuan,rekomendasi,lanjut,jungjang wetan,arjawinangun,kab. cirebon
sman 1 kuningan,keperawatan,perempuan,umum,lanjut,cipedes,ciniru,kab. kuningan
sman 1 waled,keperawatan,perempuan,organisasi,lanjut,waledkota,waled,kab. cirebon
smk asyifa depok,keperawatan,perempuan,kip,lanjut,karangwangi,depok,kab. cirebon
sman 1 waled,keperawatan,perempuan,umum,lanjut,ambit,waled,kab. cirebon
sman 1 kadugede,keperawatan,perempuan,umum,lanjut,desa paninggaran,darma,kab. kuningan
man 2 cirebon,keperawatan,perempuan,akademik,lanjut,tanjungsari,karangampel,kab. indramayu
smk ponpes abu manshur,keperawatan,perempuan,umum,lanjut,warugede,depok,kab. cirebon
ma daarul fathonah,keperawatan,perempuan,umum,lanjut,tegal taman,sukra,kab. indramayu
sman 1 susukan,keperawatan,perempuan,kip,lanjut,bojong kulon,susukan,kab. cirebon
man 5 cirebon,keperawatan,laki-laki,umum,lanjut,pengabean,losari,kab. brebes
sman 1 dukupuntang,keperawatan,perempuan,organisasi,lanjut,sindang jawa,dukupuntang,kab. cirebon
ma khas kempek,keperawatan,perempuan,Umum,lanjut,karangmulya,plumbon,kab. cirebon
sman 1 sindang,keperawatan,perempuan,Umum,lanjut,lelea,lelea,kab. indramayu
univ. aisyiyah bandung,keperawatan,perempuan,umum,lanjut,gebang,gebang,kab. cirebon
stikes kuningan,keperawatan,perempuan,umum,lanjut,panggangsari,losari,kab. cirebon
smk manbau'ulum,keperawatan,laki-laki,umum,lanjut,lengkong wetan,sindangwangi,kab. majalengka
smks cendekia,keperawatan,perempuan,organisasi,lanjut,kalijaga,harjamukti,kota cirebon
sman 3 cirebon,keperawatan,perempuan,umum,lanjut,kecapi,harjamukti,kota cirebon
smks duta mas,keperawatan,perempuan,kip,lanjut,wijaya kusuma,grogol petamburan,ka. jakarta barat
smu rengas dengklok,keperawatan,perempuan,umum,lanjut,kendaljaya,pedes,kab. karawang
ponpes islamic centre bin baz yogyakarta,keperawatan,laki-laki,umum,lanjut,kecapi,harjamukti,kota cirebon
smk kesehatan cendekia,keperawatan,perempuan,umum,lanjut,sukasari,mandirancan,kab. kuningan
man 3 cirebon,keperawatan,perempuan,umum,lanjut,pegagan lor,kapetakan,kab. cirebon
mas al-kautsar,keperawatan,perempuan,umum,lanjut,rangdumulya,pedes,kab. karawang
smk widya utama indramayu,kebidanan,perempuan,umum,lanjut,pasekan,pasekan,kab. indramayu
smk kes. banten,kebidanan,perempuan,kip,lanjut,tugu,sliyeg,kab. indramayu
smk kes. banten,kebidanan,perempuan,kip,lanjut,tugu,sliyeg,kab. indramayu
smk kes. bhakti kencana subang,kebidanan,perempuan,umum,lanjut,kediri,binong,kab. subang
ma nurul huda munjul,kebidanan,perempuan,akademik,lanjut,munjul,astanajapura,kab. cirebon
ma assaidiyyah takhasus al qur'an,kebidanan,perempuan,organisasi,lanjut,durajaya,greged,kab. cirebon
sman 1 anjatan,kebidanan,perempuan,umum,lanjut,bugistua,anjatan,kab. indramayu
smk plus ulumul qur'an,kebidanan,perempuan,umum,lanjut,bobos,legon kulon,kab. subang
ma khas kempek,kebidanan,perempuan,umum,lanjut,cipelem,bulakamba,kab. cirebon
man 4 cirebon,kebidanan,perempuan,umum,lanjut,kedung sumur,gebang,kab. cirebon
mas ash shiddiqiyyah,kebidanan,perempuan,umum,lanjut,benda,karangampel,kab. indramayu
man 3 majalengka,rekam medis,perempuan,umum,lanjut,mekarsari,jatiwangi,kab. majalengka
sman 1 cilimus,rekam medis,perempuan,rekomendasi,lanjut,caracas,cilimus,kab. kuningan
smk ponpes abu manshur,rekam medis,perempuan,umum,lanjut,nagarajati,panawangan,kab. ciamis
smkn 1 cirebon,rekam medis,Laki - Laki,umum,lanjut,kalijaga,harjamukti,kota cirebon
man 1 karawang,rekam medis,perempuan,organisasi,lanjut,cilamaya hilir,blanakan,kab. subang
sman 4 cirebon,rekam medis,perempuan,umum,lanjut,kepongpongan,talun,kab. cirebon
sman 3 kuningan,rekam medis,Laki - Laki,umum,lanjut,cisantana,cigugur,kab. kuningan
sman 1 dukupuntang,rekam medis,perempuan,organisasi,lanjut,girinata,dukupuntang,kab. cirebon
man 3 cirebon,rekam medis,perempuan,umum,lanjut,nanggela,greged,kab. cirebon
sman 1 arjawinangun,rekam medis,perempuan,umum,lanjut,arjawinangun,arjawinangun,kab. cirebon
sman 1 kuningan,rekam medis,perempuan,organisasi,lanjut,ancaran,kuningan,kota kuningan
sman 1 plumbon,rekam medis,perempuan,umum,lanjut,karangasem,plumbon,kab. cirebon
sman 1 sindangwangi,rekam medis,laki-laki,umum,lanjut,sindangwangi,sindangwangi,kab. majalengka
smk bakti indonesia,rekam medis,perempuan,umum,lanjut,awirarangan,kuningan,kab. kuningan
sman 1 plumbon,rekam medis,perempuan,umum,lanjut,pesanggrahan,plumbon,kab. cirebon
sman 3 kuningan,rekam medis,perempuan,umum,lanjut,jalaksana,jalaksana,kab. kuningan
sman 1 waled,rekam medis,perempuan,organisasi,lanjut,cikulak,waled,kab. cirebon
man 4 cirebon,rekam medis,perempuan,umum,lanjut,jatiseeng kidul,ciledug,kab. cirebon
sman 1 luragung,rekam medis,perempuan,umum,lanjut,dukuhmaja,luragung,kab. kuningan
sman 1 ciledug,rekam medis,perempuan,organisasi,lanjut,pabuaran wetan,pabuaran,kab. cirebon
sman 1 beber,rekam medis,perempuan,umum,lanjut,ciawigajah,beber,kab. cirebon
sman 1 sumber,rekam medis,perempuan,kip,lanjut,gegunung,sumber,kab. cirebon
sman 1 indramayu,rekam medis,perempuan,umum,lanjut,tugu,lelea,kab. indramayu
sman 1 beber,rekam medis,perempuan,umum,lanjut,kondangsari,beber,kab. cirebon
sman 1 jamblang,rekam medis,laki-laki,umum,lanjut,ciawi,palimanan,kab. cirebon
sman 1 waled,rekam medis,perempuan,kip,lanjut,damarguna,ciledug,kab. cirebon
man 3 cirebon,rekam medis,perempuan,umum,lanjut,mertapada wetan,astanajapura,kab. cirebon
sman 1 cirebon,rekam medis,perempuan,umum,lanjut,bungko,kapetakan,kab. cirebon
sman 7 cirebon,rekam medis,laki-laki,umum,lanjut,kepongpongan,talun,kab. cirebon
sman 4 cirebon,rekam medis,perempuan,organisasi,lanjut,cirebon girang,talun,kab. cirebon
sman 2 cirebon,rekam medis,perempuan,rekomendasi,lanjut,lemahwungkuk,lemahwungkuk,kota cirebon
sman 1 ciwaringin,rekam medis,perempuan,umum,lanjut,geyongan,arjawinangun,kab. cirebon
smf muhammadiyah cirebon,rekam medis,perempuan,umum,lanjut,leuwimunding,leuwimunding,kab. majalengka
sman 1 gegesik,rekam medis,laki-laki,umum,lanjut,jagapura kidul,gegesik,kab. cirebon
sman 1 sumber,rekam medis,laki-laki,umum,lanjut,wanasaba kidul,talun,kab. cirebon
smk n 1 talaga,rekam medis,perempuan,kip,lanjut,cikijing,cikijing,kab. majalengka
sman 1 cirebon,rekam medis,perempuan,kip,lanjut,sukapura,kejaksan,kota cirebon
smk n 1 lemahabang,rekam medis,laki-laki,umum,lanjut,sindang laut,lemahabang,kab. cirebon
sman 1 rajagaluh,rekam medis,laki-laki,umum,lanjut,leuwijaya,sindangwangi,kab. majalengka
sman 1 karang wareng,rekam medis,perempuan,kip,lanjut,karangmekar,karangsembung,kab. cirebon
sman 1 lemahabang,rekam medis,laki-laki,umum,lanjut,cipeujeuh wetan,lemahabang,kab. cirebon
smkn 2 cirebon,rekam medis,perempuan,umum,lanjut,kalisapu,gunungjati,kab. cirebon
sman 3 cirebon,rekam medis,perempuan,umum,lanjut,cangkring,plered,kab. cirebon
pkbm succes jaya,rekam medis,perempuan,umum,lanjut,kalijaga,harjamukti,kota cirebon
smu n 5 susukan,rekam medis,laki-laki,umum,lanjut,susukan,susukan,kab. cirebon
sman 1 jatiwangi,kesehatan masyarakat,perempuan,umum,lanjut,cidenok,sumberjaya,kab. majalengka
sman 1 dukupuntang,kesehatan masyarakat,perempuan,umum,lanjut,dukupuntang,dukupuntang,kab. cirebon
sman 1 kuningan,kesehatan masyarakat,laki-laki,umum,lanjut,ciporang,kuningan,kab. kuningan
smk farmasi muh. 2 kedawung,kesehatan masyarakat,perempuan,umum,lanjut,kemlaka gede,tengah tani,kab. cirebon
ma ddi lampu satu,kesehatan masyarakat,perempuan,umum,lanjut,amunkay,tanah miring,kab. merauke
sman 1 lohbener,kesehatan masyarakat,perempuan,umum,lanjut,larangan,lohbener,kab. indramayu
ma ddi lampu satu,kesehatan masyarakat,perempuan,umum,lanjut,bambu pemali,merauke,kab. merauke
man 5 cirebon,kesehatan masyarakat,perempuan,umum,lanjut,ambulu,losari,kab. cirebon
sman 3 cirebon,kesehatan masyarakat,laki-laki,umum,lanjut,kel. kalijaga,harjamukti,kota cirebon
sman 1 sumber,kesehatan masyarakat,perempuan,umum,lanjut,pamijahan,plumbon,kab. cirebon
man 1 banggai,kesehatan masyarakat,laki-laki,umum,lanjut,bukit mambual,luwuk selatan,kab. banggai
sma pgri 1 subang,kesehatan masyarakat,laki-laki,umum,lanjut,cibgo,subang,kab. subang
pkbm home schooling carnation,kesehatan masyarakat,perempuan,umum,lanjut,kel. lemahwungkuk,lemahwungkuk,kota cirebon
sman 1 pagaden,kesehatan masyarakat,perempuan,umum,lanjut,cipawitra,mangkubuni,kab. tasikmalaya
sman 1 ciledug,kesehatan masyarakat,perempuan,umum,lanjut,sukadana,pabuaran,kab. cirebon
sman 1 waled,keperawatan,perempuan,umum,lanjut,tonjong,pasaleman,kab. cirebon
smk khaira ummah,keperawatan,perempuan,umum,lanjut,pabuaran wetan,pabuaran,kab. cirebon
smk khaira ummah,keperawatan,perempuan,umum,lanjut,tanjunganom,pasaleman,kab. cirebon
smk khaira ummah,keperawatan,perempuan,umum,lanjut,kudukeras,babakan,kab. cirebon
smk khaira ummah,keperawatan,perempuan,umum,lanjut,pabuaran kidul,pabuaran,kab. cirebon
smk khaira ummah,keperawatan,perempuan,umum,lanjut,hulubanteng lor,pabuaran,kab. cirebon
sman 1 waled,keperawatan,perempuan,umum,lanjut,sasala karangwangun,babakan,kab. cirebon
man 3 cirebon,keperawatan,perempuan,umum,lanjut,mertapada kulon,astanajapura,kab. cirebon
sman 1 jatiwangi,keperawatan,perempuan,umum,lanjut,kertajati,kertajati,kab. majalengka
smk gunung jati babakan,keperawatan,perempuan,umum,lanjut,kalimekar,gebang,kab. cirebon
sman 1 babakan,keperawatan,perempuan,umum,lanjut,gebang kulon,gebang,kab. cirebon
sman 1 kuningan,keperawatan,laki-laki,umum,lanjut,ciketak,kadugede,kab. kuningan
sman 1 kuningan,keperawatan,laki-laki,umum,lanjut,cikijing timur,cikijing,kab. kuningan
sman 1 mandirancan,keperawatan,perempuan,umum,lanjut,mandirancan,mandirancan,kab. kuningan
sman 1 mandirancan,keperawatan,perempuan,umum,lanjut,singkup,pasawahan,kab. kuningan
sman 1 tanjung,keperawatan,laki-laki,umum,lanjut,losari kidul,losari,kab. brebes
ma al musyawirin,keperawatan,perempuan,umum,lanjut,tegal sari,plered,kab. cirebon
man 2 cirebon,keperawatan,perempuan,umum,lanjut,karang junti,losari,kab. brebes
sman 1 kersana,keperawatan,perempuan,umum,lanjut,danureja,tanjung,kab. brebes
sman 1 tanjung,keperawatan,perempuan,umum,lanjut,kedungneng,losari,kab. brebes
sman 1 mandirancan,keperawatan,laki-laki,umum,lanjut,sukasari,mandirancan,kab. kuningan
sman 1 sumber,keperawatan,laki-laki,umum,lanjut,setu kulon,weru,kab. cirebon
smk wirasaba,keperawatan,laki-laki,umum,lanjut,karawang kulon,karawang barat,kab. karawang
sman 3 kuningan,keperawatan,perempuan,umum,lanjut,purwawinangun,kuningan,kab. kuningan
sman 1 babakan,keperawatan,laki-laki,umum,lanjut,babakan,babakan,kab. cirebon
sman 1 tanjung,keperawatan,perempuan,umum,lanjut,pasuruan,pabedilan,kab. cirebon
smk p babakan ciwaringin,keperawatan,perempuan,umum,lanjut,gintung tengah,ciwaringin,kab. cirebon
sman 3 kuningan,keperawatan,perempuan,umum,lanjut,padamenak,jalaksana,kab. kuningan
smk n 1 lemahabang,keperawatan,perempuan,umum,lanjut,karangsuwung,karangsembung,kab. cirebon
man 4 cirebon,keperawatan,perempuan,umum,lanjut,sumber lor,babakan,kab. cirebon
smk kes. bhakti kencana,keperawatan,perempuan,umum,lanjut,bantarwaru,gantar,kab. indramayu
man 2 cirebon,keperawatan,perempuan,umum,lanjut,mundu,karangampel,kab. indramayu
smk n 1 lemahabang,keperawatan,perempuan,umum,lanjut,putat,sedong,kab. cirebon
man 5 cirebon,keperawatan,perempuan,umum,lanjut,rungkang,losari,kab. brebes
sman 2 cirebon,keperawatan,perempuan,umum,lanjut,harapan mulya,kesambi,kota cirebon
sman 2 majalengka,keperawatan,perempuan,umum,lanjut,pagandon,kadipaten,kab. majalengka
smk n 1 majalengka,keperawatan,laki-laki,umum,lanjut,ciborelang,jatiwangi,kab. majalengka
man 2 cirebon,keperawatan,perempuan,umum,lanjut,siwuluh,bulakamba,kab. brebes
sman 3 kuningan,keperawatan,perempuan,umum,lanjut,hantara,hantara,kab. kuningan
sman 1 pemangkat,keperawatan,perempuan,umum,lanjut,karangasem,leuwimunding,kab. majalengka
sman 1 anjatan,keperawatan,perempuan,umum,lanjut,mangun jaya,anjatan,kab. indramayu
sman 1 dukupuntang,keperawatan,perempuan,umum,lanjut,sindang jawa,dukupuntang,kab. cirebon
ma al shighor,keperawatan,perempuan,umum,lanjut,kel. pegambiran,lemahwungkuk,kota cirebon
man 2 cirebon,keperawatan,laki-laki,umum,lanjut,sumber sari,ciwaringin,kab. subang
man 2 majalengka,keperawatan,laki-laki,umum,lanjut,sindangwangi,sindangwangi,kab. majalengka
sman 1 beber,keperawatan,laki-laki,umum,lanjut,patapan,beber,kab. kuningan
man 1 cirebon,keperawatan,perempuan,umum,lanjut,depok,depok,kab. cirebon
sman 1 kandanghaur,keperawatan,laki-laki,umum,lanjut,gabus wetan,gabus wetan,kab. indramayu
smk bakti indonesia,keperawatan,perempuan,umum,lanjut,sidaraja,ciawigebang,kab. kuningan
sman 1 cigugur,keperawatan,perempuan,umum,lanjut,bungur beres,cilebak,kab. kuningan
man 1 cirebon,keperawatan,perempuan,umum,lanjut,bakung kidul,jamblang,kab. cirebon
smk widya utama indramayu,keperawatan,perempuan,umum,lanjut,majakerta,balongan,kab. indramayu
man 1 kota cirebon,keperawatan,perempuan,umum,lanjut,karangreja,suranenggala,kab. cirebon
man 3 cirebon,keperawatan,perempuan,umum,lanjut,panyingkiran lor,cantigi,kab. indramayu
sman 1 waled,keperawatan,perempuan,umum,lanjut,gebang,gebang,kab. cirebon
smk kes. ypkh palimanan,keperawatan,laki-laki,umum,lanjut,palimanan barat,gempol,kab. cirebon
sman 1 mandirancan,keperawatan,laki-laki,umum,lanjut,sukasari,mandirancan,kab. kuningan
sman 1 babakan,keperawatan,perempuan,umum,lanjut,gebang,gebang,kab. cirebon
sman 1 sumber,keperawatan,perempuan,umum,lanjut,kemantren,sumber,kab. cirebon
smk rise majalengka,keperawatan,perempuan,umum,lanjut,wanahayu,maja,kab. majalengka
smk n 1 patrol,keperawatan,perempuan,umum,lanjut,limpas,patrol,kab. indramayu
sman 3 kuningan,keperawatan,perempuan,umum,lanjut,patala,cilebak,kab. kuningan
sman 2 majalengka,keperawatan,perempuan,umum,lanjut,cibodas,majalengka,kab. majalengka
sman 7 cirebon,keperawatan,laki-laki,umum,lanjut,luwung,mundu,kab. cirebon
smk widya utama indramayu,keperawatan,perempuan,umum,lanjut,curug,kandanghaur,kab. indramayu
smk khaira ummah,keperawatan,perempuan,umum,lanjut,gebang udik,gebang,kab. cirebon
sman 2 indramayu,keperawatan,laki-laki,umum,lanjut,lemah mekar,indramayu,kab. indramayu
man 2 kota cirebon,keperawatan,perempuan,umum,lanjut,gegunung,sumber,kab. cirebon
sman 1 beber,keperawatan,perempuan,umum,lanjut,sindanghayu,beber,kab. cirebon
sman 1 arjawinangun,keperawatan,laki-laki,umum,lanjut,jagapura kidul,gegesik,kab. cirebon
smk rise kedawung,kebidanan,perempuan,umum,lanjut,winong tengah,gempol,kab. cirebon
smk khaira ummah,kebidanan,perempuan,umum,lanjut,sekar wetan,babakan,kab. cirebon
smk khaira ummah,kebidanan,perempuan,umum,lanjut,pasuruan,pabedilan,kab. cirebon
sman 3 kuningan,kebidanan,perempuan,umum,lanjut,ciurih,cidahu,kab. kuningan
smk yapin kertasmaya,kebidanan,perempuan,umum,lanjut,suka gumiwang,sukagumiwang,kab. indramayu
sman 1 kuningan,kebidanan,perempuan,umum,lanjut,cirendang,kuningan,kab. kuningan
sman 1 rajagaluh,kebidanan,perempuan,umum,lanjut,rajagaluh kidul,rajagaruh,kab. majalengka
smk farmasi kedawung,kebidanan,perempuan,umum,lanjut,wanakaya,gunungjati,kab. cirebon
sma islam ainurrafiq,kebidanan,perempuan,umum,lanjut,buni geulis,cigandamekar,kab. kuningan
smk bakti indonesia,kebidanan,perempuan,umum,lanjut,citangtu,kuningan,kab. kuningan
sman 3 sumedang,kebidanan,perempuan,umum,lanjut,cinanggerang,pamulihan,kab. sumedang
man 3 cirebon,kebidanan,perempuan,umum,lanjut,cipeujeuh wetan,lemahabang,kab. cirebon
smk ulil albab,rekam medis,perempuan,umum,lanjut,slangit,klangenan,kab. cirebon
smk bakti indonesia,rekam medis,perempuan,umum,lanjut,ciangir,cibingbin,kab. kuningan
sman 1 lemah abang,rekam medis,perempuan,umum,lanjut,ciawiasih,susukan lebak,kab. cirebon
sman 1 jatiwangi,rekam medis,perempuan,umum,lanjut,sumberjaya,sumberjaya,kab. majalengka
man 2 kota cirebon,rekam medis,perempuan,umum,lanjut,kel. karyamulya,kesambi,kota cirebon
sman 1 babakan,rekam medis,perempuan,umum,lanjut,ender,pangenan,kab. cirebon
sman 1 babakan,rekam medis,perempuan,umum,lanjut,gebang,gebang,kab. cirebon
smas muhammadiyah kedawung,rekam medis,perempuan,umum,lanjut,karangsari,weru,kab. cirebon
sman 1 lohbener,rekam medis,perempuan,umum,lanjut,rambatan wetan,sindang,kab. indramayu
smk rise kedawung,rekam medis,perempuan,umum,lanjut,kaliwadas,sumber,kab. cirebon
smk nu kaplongan,rekam medis,perempuan,umum,lanjut,kedokan bunder,kedokan bunder,kab. indramayu
smk n 1 lemahabang,rekam medis,perempuan,umum,lanjut,belawa,lemahabang,kab. cirebon
sman 1 kuningan,rekam medis,perempuan,umum,lanjut,gandasoli,kramatmulya,kab. kuningan
sman 1 dukupuntang,rekam medis,perempuan,umum,lanjut,cempaka,plumbon,kab. cirebon
sman 1 jalaksana,rekam medis,perempuan,umum,lanjut,cigintung,kuningan,kab. kuningan
smk n 2 cirebon,rekam medis,laki-laki,umum,lanjut,pamijahan,plumbon,kab. cirebon
smk islamic center,rekam medis,perempuan,umum,lanjut,weru lor,weru,kab. cirebon
smks pui cirebon,rekam medis,perempuan,umum,lanjut,bandengan,mundu,kab. cirebon
sma islam al-ishlah,rekam medis,perempuan,umum,lanjut,eretan kulon,kandanghaur,kab. indramayu
smk widya utama indramayu,rekam medis,perempuan,umum,lanjut,eretan kulon,kandanghaur,kab. indramayu
sman 5 cirebon,rekam medis,perempuan,umum,lanjut,kemlaka,tengah tani,kab. cirebon
smas islam al azhar cirebon,rekam medis,perempuan,umum,lanjut,wanasaba kidul,talun,kab. cirebon
sman 4 cirebon,rekam medis,perempuan,umum,lanjut,kertasari,weru,kab. cirebon
sman 1 tukdana,rekam medis,perempuan,umum,lanjut,gadel,tukdana,kab. indramayu
sman 5 cirebon,rekam medis,perempuan,umum,lanjut,kecomberan,talun,kab. cirebon
smk bakti indonesia,rekam medis,perempuan,umum,lanjut,sindang jawa,cibingbin,kab. kuningan
sma nu kaplongan,rekam medis,perempuan,umum,lanjut,mundu,karangampel,kab. indramayu
sman 1 garawangi,rekam medis,laki-laki,umum,lanjut,citiu sari,garawangi,kab. kuningan
man 2 cirebon,rekam medis,laki-laki,umum,lanjut,ciwaringin,ciwaringin,kab. cirebon
smk rise kedawung,rekam medis,laki-laki,umum,lanjut,gardu mukti,tambakdahan,kab. subang
sman 1 dukupuntang,rekam medis,perempuan,umum,lanjut,kerandon,talun,kab. cirebon
sman 1 ciledug,rekam medis,perempuan,umum,lanjut,jatiseeng kidul,ciledug,kab. cirebon
smk bakti indonesia,rekam medis,perempuan,umum,lanjut,cileuya,cimahi,kab. kuningan
sman 1 ciledug,rekam medis,perempuan,umum,lanjut,ciledug lor,ciledug,kab. kuningan
sman 1 dukupuntang,rekam medis,perempuan,umum,lanjut,tukmudal,sumber,kab. cirebon
sman 3 cirebon,rekam medis,perempuan,umum,lanjut,kalijaga,harjamukti,kota cirebon
sman 1 sumber,rekam medis,perempuan,umum,lanjut,cempaka,plumbon,kab. cirebon
man 5 cirebon,rekam medis,perempuan,umum,lanjut,ciledug tengah,ciledug,kab. cirebon
sman 2 cirebon,rekam medis,perempuan,umum,lanjut,kel. karyamulya,kesambi,kota cirebon
sman tomo,rekam medis,perempuan,umum,lanjut,palasari,ujungjaya,kab. sumedang
sman 3 cirebon,rekam medis,laki-laki,umum,lanjut,pengampon,lemahwungkuk,kota cirebon
sman 1 anjatan,rekam medis,perempuan,umum,lanjut,tukmudal,sumber,kab. cirebon
sman 1 gegessik,rekam medis,perempuan,umum,lanjut,panguragan,panguragan,kab. cirebon
sman 1 tukdana,rekam medis,perempuan,umum,lanjut,bodas,tukdana,kab. indramayu
smk manbaul'ulum,rekam medis,perempuan,umum,lanjut,karangwangi,depok,kab. cirebon
sman 1 pamanukan,rekam medis,perempuan,umum,lanjut,pamanukan hilir,pamanukan,kab. subang
man 4 cirebon,rekam medis,perempuan,umum,lanjut,gebang kulon,gebang,kab. cirebon
smk rise kedawung,rekam medis,perempuan,umum,lanjut,pamengkang,mundu,kab. cirebon
smk manbaul'ulum,rekam medis,perempuan,umum,lanjut,gegunung,sumber,kab. cirebon
smk global surya mandiri,rekam medis,perempuan,umum,lanjut,ciangir,cibingbin,kab. kuningan
man 2 kota cirebon,rekam medis,perempuan,umum,lanjut,tenjolayar,pancalang,kab. kuningan
smk n 1 lemahabang,rekam medis,perempuan,umum,lanjut,japura bakti,astanajapura,kab. cirebon
sman 2 kota serang,rekam medis,perempuan,umum,lanjut,pabuaran,pabuaran,kab. serang
skb kuningan,rekam medis,laki-laki,umum,lanjut,kertawirama,nusaherang,kab. kuningan
sman 1 lemah abang,rekam medis,perempuan,umum,lanjut,windujaya,sedong,kab. cirebon
smk n 1 kedawung,rekam medis,perempuan,umum,lanjut,gamel,plered,kab. cirebon
sman 1 majalengka,rekam medis,perempuan,umum,lanjut,cikijing,cikijing,kab. majalengka
sman 1 lemah abang,rekam medis,perempuan,umum,lanjut,sindangkempeng,greged,kab. cirebon
sman 1 babakan,rekam medis,laki-laki,umum,lanjut,jatiseeng kidul,ciledug,kab. cirebon
sman 1 lemah abang,rekam medis,perempuan,umum,lanjut,sedong lor,sedong,kab. cirebon
man 3 cirebon,rekam medis,perempuan,umum,lanjut,krakahan,tanjung,kab. brebes
sman 1 sumber jaya,rekam medis,laki-laki,umum,lanjut,lojikobong,sumberjaya,kab. majalengka
man 3 cirebon,rekam medis,perempuan,umum,lanjut,kalirahayu,losari,kab. cirebon
sma pgri losari,rekam medis,laki-laki,umum,lanjut,prapag kidul,losari,kab. brebes
ma khas kempek,rekam medis,perempuan,umum,lanjut,kalisari,losari,kab. cirebon
smk islamic center,rekam medis,perempuan,umum,lanjut,trusmi kulon,plered,kab. cirebon
sman 1 jalaksana,rekam medis,perempuan,umum,lanjut,sindangkasih,beber,kab. cirebon
sman 1 tukdana,rekam medis,laki-laki,umum,lanjut,sukaperna,tukdana,kab. indramayu
